{"mean":{"confidence_interval":{"confidence_level":0.95,"lower_bound":70.12779983245167,"upper_bound":70.99067262543475},"point_estimate":70.52044735925966,"standard_error":0.22085930843610374},"median":{"confidence_interval":{"confidence_level":0.95,"lower_bound":69.81990863978442,"upper_bound":70.10019857815382},"point_estimate":69.96771126290892,"standard_error":0.0678205411435525},"median_abs_dev":{"confidence_interval":{"confidence_level":0.95,"lower_bound":0.7199654688020309,"upper_bound":1.103414715967654},"point_estimate":0.921705123009286,"standard_error":0.09958575027005914},"slope":{"confidence_interval":{"confidence_level":0.95,"lower_bound":70.0449084967076,"upper_bound":70.53351086750465},"point_estimate":70.26195141398205,"standard_error":0.1253154282497861},"std_dev":{"confidence_interval":{"confidence_level":0.95,"lower_bound":1.7485740752541186,"upper_bound":4.362182399839228},"point_estimate":3.1319298241637976,"standard_error":0.6702138329848246}}